id,Count,children,connection,label
0,"{'terry': 1, 'RoomDatacenter': 1, 'entity_vim.Datastore_datastore-41': 1}",set(),or, IN terry ITEM entity_vim.Datastore_datastore-41 entity_vim.Datastore_datastore-41 LOCATION RoomDatacenter RoomDatacenter
1,"{'terry': 1, 'entity_vim.Datastore_datastore-41': 1, 'entity_vim.VirtualMachine_vm-51': 1}",set(),or, IN terry ITEM entity_vim.VirtualMachine_vm-51 entity_vim.VirtualMachine_vm-51 ITEM entity_vim.Datastore_datastore-41 entity_vim.Datastore_datastore-41
2,"{'terry': 2, 'entity_vim.VirtualMachine_vm-51': 1, 'entity_vim.Datastore_datastore-41': 2, 'RoomDatacenter': 1}","{0, 1}",add,get item entity_vim.Datastore_datastore-41 get entity_vim.VirtualMachine_vm-51
3,"{'entity_vim.Network_network-43': 1, 'terry': 1, 'RoomDatacenter': 1}",set(),or, IN terry ITEM entity_vim.Network_network-43 entity_vim.Network_network-43 LOCATION RoomDatacenter RoomDatacenter
4,"{'entity_vim.Network_network-43': 1, 'terry': 1, 'entity_vim.VirtualMachine_vm-51': 1}",set(),or, IN terry ITEM entity_vim.VirtualMachine_vm-51 entity_vim.VirtualMachine_vm-51 ITEM entity_vim.Network_network-43 entity_vim.Network_network-43
5,"{'entity_vim.Network_network-43': 2, 'terry': 2, 'entity_vim.VirtualMachine_vm-51': 1, 'RoomDatacenter': 1}","{3, 4}",add,get item entity_vim.Network_network-43 get entity_vim.VirtualMachine_vm-51
6,"{'terry': 1, 'RoomDatacenter': 1, 'entity_vim.Datastore_datastore-41': 1}",set(),or, IN terry ITEM entity_vim.Datastore_datastore-41 entity_vim.Datastore_datastore-41 LOCATION RoomDatacenter RoomDatacenter
7,"{'terry': 1, 'entity_vim.HostSystem_host-49': 1, 'entity_vim.Datastore_datastore-41': 1}",set(),or, IN terry ITEM entity_vim.HostSystem_host-49 entity_vim.HostSystem_host-49 ITEM entity_vim.Datastore_datastore-41 entity_vim.Datastore_datastore-41
8,"{'terry': 2, 'entity_vim.HostSystem_host-49': 1, 'entity_vim.Datastore_datastore-41': 2, 'RoomDatacenter': 1}","{6, 7}",add,get item entity_vim.Datastore_datastore-41 get entity_vim.HostSystem_host-49
9,"{'entity_vim.Network_network-43': 1, 'terry': 1, 'RoomDatacenter': 1}",set(),or, IN terry ITEM entity_vim.Network_network-43 entity_vim.Network_network-43 LOCATION RoomDatacenter RoomDatacenter
10,"{'entity_vim.Network_network-43': 1, 'terry': 1, 'entity_vim.HostSystem_host-49': 1}",set(),or, IN terry ITEM entity_vim.HostSystem_host-49 entity_vim.HostSystem_host-49 ITEM entity_vim.Network_network-43 entity_vim.Network_network-43
11,"{'entity_vim.Network_network-43': 2, 'terry': 2, 'entity_vim.HostSystem_host-49': 1, 'RoomDatacenter': 1}","{9, 10}",add,get item entity_vim.Network_network-43 get entity_vim.HostSystem_host-49
12,"{'terry': 1, 'entity_vim.Network_network-44': 1, 'RoomDatacenter': 1}",set(),or, IN terry ITEM entity_vim.Network_network-44 entity_vim.Network_network-44 LOCATION RoomDatacenter RoomDatacenter
13,"{'terry': 1, 'entity_vim.HostSystem_host-49': 1, 'entity_vim.Network_network-44': 1}",set(),or, IN terry ITEM entity_vim.HostSystem_host-49 entity_vim.HostSystem_host-49 ITEM entity_vim.Network_network-44 entity_vim.Network_network-44
14,"{'terry': 2, 'entity_vim.HostSystem_host-49': 1, 'entity_vim.Network_network-44': 2, 'RoomDatacenter': 1}","{12, 13}",add,get item entity_vim.Network_network-44 get entity_vim.HostSystem_host-49
15,"{'terry': 1, 'entity_vim.Network_network-42': 1, 'RoomDatacenter': 1}",set(),or, IN terry ITEM entity_vim.Network_network-42 entity_vim.Network_network-42 LOCATION RoomDatacenter RoomDatacenter
16,"{'terry': 1, 'entity_vim.Network_network-42': 1, 'entity_vim.HostSystem_host-49': 1}",set(),or, IN terry ITEM entity_vim.HostSystem_host-49 entity_vim.HostSystem_host-49 ITEM entity_vim.Network_network-42 entity_vim.Network_network-42
17,"{'terry': 2, 'entity_vim.Network_network-42': 2, 'entity_vim.HostSystem_host-49': 1, 'RoomDatacenter': 1}","{16, 15}",add,get item entity_vim.Network_network-42 get entity_vim.HostSystem_host-49
18,"{'terry': 1, 'entity_vim.Network_network-45': 1, 'RoomDatacenter': 1}",set(),or, IN terry ITEM entity_vim.Network_network-45 entity_vim.Network_network-45 LOCATION RoomDatacenter RoomDatacenter
19,"{'terry': 1, 'entity_vim.Network_network-45': 1, 'entity_vim.HostSystem_host-49': 1}",set(),or, IN terry ITEM entity_vim.HostSystem_host-49 entity_vim.HostSystem_host-49 ITEM entity_vim.Network_network-45 entity_vim.Network_network-45
20,"{'terry': 2, 'entity_vim.Network_network-45': 2, 'entity_vim.HostSystem_host-49': 1, 'RoomDatacenter': 1}","{18, 19}",add,get item entity_vim.Network_network-45 get entity_vim.HostSystem_host-49
21,"{'terry': 1, 'entity_vim.HostSystem_host-49': 1, 'RoomDatacenter': 1}",set(),or, IN terry ITEM entity_vim.HostSystem_host-49 entity_vim.HostSystem_host-49 LOCATION RoomDatacenter RoomDatacenter
22,"{'terry': 2, 'entity_vim.Network_network-42': 2, 'entity_vim.Network_network-43': 2, 'entity_vim.Datastore_datastore-41': 2, 'entity_vim.Network_network-45': 2, 'entity_vim.HostSystem_host-49': 1, 'entity_vim.Network_network-44': 2, 'RoomDatacenter': 1}","{8, 11, 14, 17, 20, 21}",or,get  entity_vim.HostSystem_host-49
23,"{'terry': 1, 'entity_vim.HostSystem_host-49': 1, 'entity_vim.VirtualMachine_vm-51': 1}",set(),or, IN terry ITEM entity_vim.VirtualMachine_vm-51 entity_vim.VirtualMachine_vm-51 ITEM entity_vim.HostSystem_host-49 entity_vim.HostSystem_host-49
24,"{'terry': 3, 'entity_vim.Network_network-42': 2, 'entity_vim.VirtualMachine_vm-51': 1, 'entity_vim.Network_network-43': 2, 'entity_vim.Datastore_datastore-41': 2, 'entity_vim.Network_network-45': 2, 'entity_vim.HostSystem_host-49': 2, 'entity_vim.Network_network-44': 2, 'RoomDatacenter': 1}","{22, 23}",add,get item entity_vim.HostSystem_host-49 get entity_vim.VirtualMachine_vm-51
25,"{'terry': 3, 'entity_vim.Network_network-42': 2, 'entity_vim.VirtualMachine_vm-51': 1, 'entity_vim.Network_network-43': 2, 'entity_vim.Datastore_datastore-41': 2, 'entity_vim.Network_network-45': 2, 'entity_vim.HostSystem_host-49': 2, 'entity_vim.Network_network-44': 2, 'RoomDatacenter': 1}","{24, 2, 5}",or,get  entity_vim.VirtualMachine_vm-51
26,"{'terry': 1, 'fileX': 1, 'entity_vim.VirtualMachine_vm-51': 1}",set(),or, IN terry DATA fileX fileX ITEM entity_vim.VirtualMachine_vm-51 entity_vim.VirtualMachine_vm-51
27,"{'terry': 4, 'entity_vim.Network_network-42': 2, 'entity_vim.VirtualMachine_vm-51': 2, 'entity_vim.Network_network-43': 2, 'entity_vim.Datastore_datastore-41': 2, 'entity_vim.Network_network-45': 2, 'entity_vim.HostSystem_host-49': 2, 'fileX': 1, 'entity_vim.Network_network-44': 2, 'RoomDatacenter': 1}","{25, 26}",add,get item entity_vim.VirtualMachine_vm-51 get fileX
28,"{'entity_vim.Datastore_datastore-41': 1, 'RoomDatacenter': 1, 'big': 1}",set(),or, IN big ITEM entity_vim.Datastore_datastore-41 entity_vim.Datastore_datastore-41 LOCATION RoomDatacenter RoomDatacenter
29,"{'entity_vim.Datastore_datastore-41': 1, 'entity_vim.VirtualMachine_vm-51': 1, 'big': 1}",set(),or, IN big ITEM entity_vim.VirtualMachine_vm-51 entity_vim.VirtualMachine_vm-51 ITEM entity_vim.Datastore_datastore-41 entity_vim.Datastore_datastore-41
30,"{'entity_vim.VirtualMachine_vm-51': 1, 'entity_vim.Datastore_datastore-41': 2, 'big': 2, 'RoomDatacenter': 1}","{28, 29}",add,get item entity_vim.Datastore_datastore-41 get entity_vim.VirtualMachine_vm-51
31,"{'entity_vim.Network_network-43': 1, 'RoomDatacenter': 1, 'big': 1}",set(),or, IN big ITEM entity_vim.Network_network-43 entity_vim.Network_network-43 LOCATION RoomDatacenter RoomDatacenter
32,"{'entity_vim.Network_network-43': 1, 'entity_vim.VirtualMachine_vm-51': 1, 'big': 1}",set(),or, IN big ITEM entity_vim.VirtualMachine_vm-51 entity_vim.VirtualMachine_vm-51 ITEM entity_vim.Network_network-43 entity_vim.Network_network-43
33,"{'entity_vim.Network_network-43': 2, 'entity_vim.VirtualMachine_vm-51': 1, 'big': 2, 'RoomDatacenter': 1}","{32, 31}",add,get item entity_vim.Network_network-43 get entity_vim.VirtualMachine_vm-51
34,"{'entity_vim.Datastore_datastore-41': 1, 'RoomDatacenter': 1, 'big': 1}",set(),or, IN big ITEM entity_vim.Datastore_datastore-41 entity_vim.Datastore_datastore-41 LOCATION RoomDatacenter RoomDatacenter
35,"{'entity_vim.Datastore_datastore-41': 1, 'entity_vim.HostSystem_host-49': 1, 'big': 1}",set(),or, IN big ITEM entity_vim.HostSystem_host-49 entity_vim.HostSystem_host-49 ITEM entity_vim.Datastore_datastore-41 entity_vim.Datastore_datastore-41
36,"{'entity_vim.Datastore_datastore-41': 2, 'big': 2, 'entity_vim.HostSystem_host-49': 1, 'RoomDatacenter': 1}","{34, 35}",add,get item entity_vim.Datastore_datastore-41 get entity_vim.HostSystem_host-49
37,"{'entity_vim.Network_network-43': 1, 'RoomDatacenter': 1, 'big': 1}",set(),or, IN big ITEM entity_vim.Network_network-43 entity_vim.Network_network-43 LOCATION RoomDatacenter RoomDatacenter
38,"{'entity_vim.Network_network-43': 1, 'entity_vim.HostSystem_host-49': 1, 'big': 1}",set(),or, IN big ITEM entity_vim.HostSystem_host-49 entity_vim.HostSystem_host-49 ITEM entity_vim.Network_network-43 entity_vim.Network_network-43
39,"{'entity_vim.Network_network-43': 2, 'big': 2, 'entity_vim.HostSystem_host-49': 1, 'RoomDatacenter': 1}","{37, 38}",add,get item entity_vim.Network_network-43 get entity_vim.HostSystem_host-49
40,"{'RoomDatacenter': 1, 'entity_vim.Network_network-44': 1, 'big': 1}",set(),or, IN big ITEM entity_vim.Network_network-44 entity_vim.Network_network-44 LOCATION RoomDatacenter RoomDatacenter
41,"{'entity_vim.HostSystem_host-49': 1, 'entity_vim.Network_network-44': 1, 'big': 1}",set(),or, IN big ITEM entity_vim.HostSystem_host-49 entity_vim.HostSystem_host-49 ITEM entity_vim.Network_network-44 entity_vim.Network_network-44
42,"{'big': 2, 'entity_vim.HostSystem_host-49': 1, 'entity_vim.Network_network-44': 2, 'RoomDatacenter': 1}","{40, 41}",add,get item entity_vim.Network_network-44 get entity_vim.HostSystem_host-49
43,"{'RoomDatacenter': 1, 'entity_vim.Network_network-42': 1, 'big': 1}",set(),or, IN big ITEM entity_vim.Network_network-42 entity_vim.Network_network-42 LOCATION RoomDatacenter RoomDatacenter
44,"{'entity_vim.Network_network-42': 1, 'entity_vim.HostSystem_host-49': 1, 'big': 1}",set(),or, IN big ITEM entity_vim.HostSystem_host-49 entity_vim.HostSystem_host-49 ITEM entity_vim.Network_network-42 entity_vim.Network_network-42
45,"{'entity_vim.HostSystem_host-49': 1, 'big': 2, 'entity_vim.Network_network-42': 2, 'RoomDatacenter': 1}","{43, 44}",add,get item entity_vim.Network_network-42 get entity_vim.HostSystem_host-49
46,"{'RoomDatacenter': 1, 'entity_vim.Network_network-45': 1, 'big': 1}",set(),or, IN big ITEM entity_vim.Network_network-45 entity_vim.Network_network-45 LOCATION RoomDatacenter RoomDatacenter
47,"{'entity_vim.Network_network-45': 1, 'entity_vim.HostSystem_host-49': 1, 'big': 1}",set(),or, IN big ITEM entity_vim.HostSystem_host-49 entity_vim.HostSystem_host-49 ITEM entity_vim.Network_network-45 entity_vim.Network_network-45
48,"{'entity_vim.Network_network-45': 2, 'entity_vim.HostSystem_host-49': 1, 'big': 2, 'RoomDatacenter': 1}","{46, 47}",add,get item entity_vim.Network_network-45 get entity_vim.HostSystem_host-49
49,"{'RoomDatacenter': 1, 'entity_vim.HostSystem_host-49': 1, 'big': 1}",set(),or, IN big ITEM entity_vim.HostSystem_host-49 entity_vim.HostSystem_host-49 LOCATION RoomDatacenter RoomDatacenter
50,"{'entity_vim.Network_network-42': 2, 'big': 2, 'entity_vim.Network_network-43': 2, 'entity_vim.Datastore_datastore-41': 2, 'entity_vim.Network_network-45': 2, 'entity_vim.HostSystem_host-49': 1, 'entity_vim.Network_network-44': 2, 'RoomDatacenter': 1}","{36, 39, 42, 45, 48, 49}",or,get  entity_vim.HostSystem_host-49
51,"{'entity_vim.VirtualMachine_vm-51': 1, 'entity_vim.HostSystem_host-49': 1, 'big': 1}",set(),or, IN big ITEM entity_vim.VirtualMachine_vm-51 entity_vim.VirtualMachine_vm-51 ITEM entity_vim.HostSystem_host-49 entity_vim.HostSystem_host-49
52,"{'entity_vim.VirtualMachine_vm-51': 1, 'entity_vim.Network_network-42': 2, 'big': 3, 'entity_vim.Network_network-43': 2, 'entity_vim.Datastore_datastore-41': 2, 'entity_vim.Network_network-45': 2, 'entity_vim.HostSystem_host-49': 2, 'entity_vim.Network_network-44': 2, 'RoomDatacenter': 1}","{50, 51}",add,get item entity_vim.HostSystem_host-49 get entity_vim.VirtualMachine_vm-51
53,"{'entity_vim.Network_network-45': 2, 'entity_vim.Network_network-42': 2, 'big': 3, 'entity_vim.Network_network-43': 2, 'entity_vim.Datastore_datastore-41': 2, 'entity_vim.VirtualMachine_vm-51': 1, 'entity_vim.HostSystem_host-49': 2, 'entity_vim.Network_network-44': 2, 'RoomDatacenter': 1}","{33, 52, 30}",or,get  entity_vim.VirtualMachine_vm-51
54,"{'entity_vim.VirtualMachine_vm-51': 1, 'fileX': 1, 'big': 1}",set(),or, IN big DATA fileX fileX ITEM entity_vim.VirtualMachine_vm-51 entity_vim.VirtualMachine_vm-51
55,"{'entity_vim.VirtualMachine_vm-51': 2, 'entity_vim.Network_network-42': 2, 'big': 4, 'entity_vim.Network_network-43': 2, 'entity_vim.Datastore_datastore-41': 2, 'entity_vim.Network_network-45': 2, 'entity_vim.HostSystem_host-49': 2, 'fileX': 1, 'entity_vim.Network_network-44': 2, 'RoomDatacenter': 1}","{53, 54}",add,get item entity_vim.VirtualMachine_vm-51 get fileX
56,"{'grey': 1, 'entity_vim.Datastore_datastore-41': 1, 'RoomDatacenter': 1}",set(),or, IN grey ITEM entity_vim.Datastore_datastore-41 entity_vim.Datastore_datastore-41 LOCATION RoomDatacenter RoomDatacenter
57,"{'grey': 1, 'entity_vim.Datastore_datastore-41': 1, 'entity_vim.VirtualMachine_vm-51': 1}",set(),or, IN grey ITEM entity_vim.VirtualMachine_vm-51 entity_vim.VirtualMachine_vm-51 ITEM entity_vim.Datastore_datastore-41 entity_vim.Datastore_datastore-41
58,"{'grey': 2, 'entity_vim.Datastore_datastore-41': 2, 'entity_vim.VirtualMachine_vm-51': 1, 'RoomDatacenter': 1}","{56, 57}",add,get item entity_vim.Datastore_datastore-41 get entity_vim.VirtualMachine_vm-51
59,"{'grey': 1, 'entity_vim.Network_network-43': 1, 'RoomDatacenter': 1}",set(),or, IN grey ITEM entity_vim.Network_network-43 entity_vim.Network_network-43 LOCATION RoomDatacenter RoomDatacenter
60,"{'grey': 1, 'entity_vim.Network_network-43': 1, 'entity_vim.VirtualMachine_vm-51': 1}",set(),or, IN grey ITEM entity_vim.VirtualMachine_vm-51 entity_vim.VirtualMachine_vm-51 ITEM entity_vim.Network_network-43 entity_vim.Network_network-43
61,"{'grey': 2, 'entity_vim.Network_network-43': 2, 'entity_vim.VirtualMachine_vm-51': 1, 'RoomDatacenter': 1}","{59, 60}",add,get item entity_vim.Network_network-43 get entity_vim.VirtualMachine_vm-51
62,"{'grey': 1, 'entity_vim.Datastore_datastore-41': 1, 'RoomDatacenter': 1}",set(),or, IN grey ITEM entity_vim.Datastore_datastore-41 entity_vim.Datastore_datastore-41 LOCATION RoomDatacenter RoomDatacenter
63,"{'grey': 1, 'entity_vim.Datastore_datastore-41': 1, 'entity_vim.HostSystem_host-49': 1}",set(),or, IN grey ITEM entity_vim.HostSystem_host-49 entity_vim.HostSystem_host-49 ITEM entity_vim.Datastore_datastore-41 entity_vim.Datastore_datastore-41
64,"{'grey': 2, 'entity_vim.Datastore_datastore-41': 2, 'entity_vim.HostSystem_host-49': 1, 'RoomDatacenter': 1}","{62, 63}",add,get item entity_vim.Datastore_datastore-41 get entity_vim.HostSystem_host-49
65,"{'grey': 1, 'entity_vim.Network_network-43': 1, 'RoomDatacenter': 1}",set(),or, IN grey ITEM entity_vim.Network_network-43 entity_vim.Network_network-43 LOCATION RoomDatacenter RoomDatacenter
66,"{'grey': 1, 'entity_vim.Network_network-43': 1, 'entity_vim.HostSystem_host-49': 1}",set(),or, IN grey ITEM entity_vim.HostSystem_host-49 entity_vim.HostSystem_host-49 ITEM entity_vim.Network_network-43 entity_vim.Network_network-43
67,"{'grey': 2, 'entity_vim.Network_network-43': 2, 'entity_vim.HostSystem_host-49': 1, 'RoomDatacenter': 1}","{65, 66}",add,get item entity_vim.Network_network-43 get entity_vim.HostSystem_host-49
68,"{'grey': 1, 'entity_vim.Network_network-44': 1, 'RoomDatacenter': 1}",set(),or, IN grey ITEM entity_vim.Network_network-44 entity_vim.Network_network-44 LOCATION RoomDatacenter RoomDatacenter
69,"{'grey': 1, 'entity_vim.HostSystem_host-49': 1, 'entity_vim.Network_network-44': 1}",set(),or, IN grey ITEM entity_vim.HostSystem_host-49 entity_vim.HostSystem_host-49 ITEM entity_vim.Network_network-44 entity_vim.Network_network-44
70,"{'grey': 2, 'entity_vim.HostSystem_host-49': 1, 'entity_vim.Network_network-44': 2, 'RoomDatacenter': 1}","{68, 69}",add,get item entity_vim.Network_network-44 get entity_vim.HostSystem_host-49
71,"{'grey': 1, 'entity_vim.Network_network-42': 1, 'RoomDatacenter': 1}",set(),or, IN grey ITEM entity_vim.Network_network-42 entity_vim.Network_network-42 LOCATION RoomDatacenter RoomDatacenter
72,"{'grey': 1, 'entity_vim.Network_network-42': 1, 'entity_vim.HostSystem_host-49': 1}",set(),or, IN grey ITEM entity_vim.HostSystem_host-49 entity_vim.HostSystem_host-49 ITEM entity_vim.Network_network-42 entity_vim.Network_network-42
73,"{'grey': 2, 'entity_vim.HostSystem_host-49': 1, 'entity_vim.Network_network-42': 2, 'RoomDatacenter': 1}","{72, 71}",add,get item entity_vim.Network_network-42 get entity_vim.HostSystem_host-49
74,"{'grey': 1, 'entity_vim.Network_network-45': 1, 'RoomDatacenter': 1}",set(),or, IN grey ITEM entity_vim.Network_network-45 entity_vim.Network_network-45 LOCATION RoomDatacenter RoomDatacenter
75,"{'grey': 1, 'entity_vim.Network_network-45': 1, 'entity_vim.HostSystem_host-49': 1}",set(),or, IN grey ITEM entity_vim.HostSystem_host-49 entity_vim.HostSystem_host-49 ITEM entity_vim.Network_network-45 entity_vim.Network_network-45
76,"{'grey': 2, 'entity_vim.Network_network-45': 2, 'entity_vim.HostSystem_host-49': 1, 'RoomDatacenter': 1}","{74, 75}",add,get item entity_vim.Network_network-45 get entity_vim.HostSystem_host-49
77,"{'grey': 1, 'entity_vim.HostSystem_host-49': 1, 'RoomDatacenter': 1}",set(),or, IN grey ITEM entity_vim.HostSystem_host-49 entity_vim.HostSystem_host-49 LOCATION RoomDatacenter RoomDatacenter
78,"{'entity_vim.Network_network-43': 2, 'entity_vim.Network_network-42': 2, 'grey': 2, 'entity_vim.Datastore_datastore-41': 2, 'entity_vim.Network_network-45': 2, 'entity_vim.HostSystem_host-49': 1, 'entity_vim.Network_network-44': 2, 'RoomDatacenter': 1}","{64, 67, 70, 73, 76, 77}",or,get  entity_vim.HostSystem_host-49
79,"{'grey': 1, 'entity_vim.HostSystem_host-49': 1, 'entity_vim.VirtualMachine_vm-51': 1}",set(),or, IN grey ITEM entity_vim.VirtualMachine_vm-51 entity_vim.VirtualMachine_vm-51 ITEM entity_vim.HostSystem_host-49 entity_vim.HostSystem_host-49
80,"{'grey': 3, 'entity_vim.Network_network-42': 2, 'entity_vim.VirtualMachine_vm-51': 1, 'entity_vim.Network_network-43': 2, 'entity_vim.Datastore_datastore-41': 2, 'entity_vim.Network_network-45': 2, 'entity_vim.HostSystem_host-49': 2, 'entity_vim.Network_network-44': 2, 'RoomDatacenter': 1}","{78, 79}",add,get item entity_vim.HostSystem_host-49 get entity_vim.VirtualMachine_vm-51
81,"{'entity_vim.Network_network-43': 2, 'entity_vim.Network_network-42': 2, 'entity_vim.VirtualMachine_vm-51': 1, 'grey': 3, 'entity_vim.Datastore_datastore-41': 2, 'entity_vim.Network_network-45': 2, 'entity_vim.HostSystem_host-49': 2, 'entity_vim.Network_network-44': 2, 'RoomDatacenter': 1}","{80, 58, 61}",or,get  entity_vim.VirtualMachine_vm-51
82,"{'grey': 1, 'fileX': 1, 'entity_vim.VirtualMachine_vm-51': 1}",set(),or, IN grey DATA fileX fileX ITEM entity_vim.VirtualMachine_vm-51 entity_vim.VirtualMachine_vm-51
83,"{'grey': 4, 'entity_vim.Network_network-42': 2, 'entity_vim.VirtualMachine_vm-51': 2, 'entity_vim.Network_network-43': 2, 'entity_vim.Datastore_datastore-41': 2, 'entity_vim.Network_network-45': 2, 'entity_vim.HostSystem_host-49': 2, 'fileX': 1, 'entity_vim.Network_network-44': 2, 'RoomDatacenter': 1}","{81, 82}",add,get item entity_vim.VirtualMachine_vm-51 get fileX
84,"{'entity_vim.Datastore_datastore-41': 1, 'administrator': 1, 'RoomDatacenter': 1}",set(),or, IN administrator ITEM entity_vim.Datastore_datastore-41 entity_vim.Datastore_datastore-41 LOCATION RoomDatacenter RoomDatacenter
85,"{'entity_vim.Datastore_datastore-41': 1, 'administrator': 1, 'entity_vim.VirtualMachine_vm-51': 1}",set(),or, IN administrator ITEM entity_vim.VirtualMachine_vm-51 entity_vim.VirtualMachine_vm-51 ITEM entity_vim.Datastore_datastore-41 entity_vim.Datastore_datastore-41
86,"{'entity_vim.Datastore_datastore-41': 2, 'entity_vim.VirtualMachine_vm-51': 1, 'administrator': 2, 'RoomDatacenter': 1}","{84, 85}",add,get item entity_vim.Datastore_datastore-41 get entity_vim.VirtualMachine_vm-51
87,"{'entity_vim.Network_network-43': 1, 'administrator': 1, 'RoomDatacenter': 1}",set(),or, IN administrator ITEM entity_vim.Network_network-43 entity_vim.Network_network-43 LOCATION RoomDatacenter RoomDatacenter
88,"{'entity_vim.Network_network-43': 1, 'administrator': 1, 'entity_vim.VirtualMachine_vm-51': 1}",set(),or, IN administrator ITEM entity_vim.VirtualMachine_vm-51 entity_vim.VirtualMachine_vm-51 ITEM entity_vim.Network_network-43 entity_vim.Network_network-43
89,"{'entity_vim.Network_network-43': 2, 'entity_vim.VirtualMachine_vm-51': 1, 'administrator': 2, 'RoomDatacenter': 1}","{88, 87}",add,get item entity_vim.Network_network-43 get entity_vim.VirtualMachine_vm-51
90,"{'entity_vim.Datastore_datastore-41': 1, 'administrator': 1, 'RoomDatacenter': 1}",set(),or, IN administrator ITEM entity_vim.Datastore_datastore-41 entity_vim.Datastore_datastore-41 LOCATION RoomDatacenter RoomDatacenter
91,"{'entity_vim.HostSystem_host-49': 1, 'administrator': 1, 'entity_vim.Datastore_datastore-41': 1}",set(),or, IN administrator ITEM entity_vim.HostSystem_host-49 entity_vim.HostSystem_host-49 ITEM entity_vim.Datastore_datastore-41 entity_vim.Datastore_datastore-41
92,"{'entity_vim.Datastore_datastore-41': 2, 'administrator': 2, 'entity_vim.HostSystem_host-49': 1, 'RoomDatacenter': 1}","{90, 91}",add,get item entity_vim.Datastore_datastore-41 get entity_vim.HostSystem_host-49
93,"{'entity_vim.Network_network-43': 1, 'administrator': 1, 'RoomDatacenter': 1}",set(),or, IN administrator ITEM entity_vim.Network_network-43 entity_vim.Network_network-43 LOCATION RoomDatacenter RoomDatacenter
94,"{'entity_vim.Network_network-43': 1, 'entity_vim.HostSystem_host-49': 1, 'administrator': 1}",set(),or, IN administrator ITEM entity_vim.HostSystem_host-49 entity_vim.HostSystem_host-49 ITEM entity_vim.Network_network-43 entity_vim.Network_network-43
95,"{'entity_vim.Network_network-43': 2, 'entity_vim.HostSystem_host-49': 1, 'administrator': 2, 'RoomDatacenter': 1}","{93, 94}",add,get item entity_vim.Network_network-43 get entity_vim.HostSystem_host-49
96,"{'administrator': 1, 'entity_vim.Network_network-44': 1, 'RoomDatacenter': 1}",set(),or, IN administrator ITEM entity_vim.Network_network-44 entity_vim.Network_network-44 LOCATION RoomDatacenter RoomDatacenter
97,"{'entity_vim.HostSystem_host-49': 1, 'administrator': 1, 'entity_vim.Network_network-44': 1}",set(),or, IN administrator ITEM entity_vim.HostSystem_host-49 entity_vim.HostSystem_host-49 ITEM entity_vim.Network_network-44 entity_vim.Network_network-44
98,"{'entity_vim.HostSystem_host-49': 1, 'administrator': 2, 'entity_vim.Network_network-44': 2, 'RoomDatacenter': 1}","{96, 97}",add,get item entity_vim.Network_network-44 get entity_vim.HostSystem_host-49
99,"{'entity_vim.Network_network-42': 1, 'administrator': 1, 'RoomDatacenter': 1}",set(),or, IN administrator ITEM entity_vim.Network_network-42 entity_vim.Network_network-42 LOCATION RoomDatacenter RoomDatacenter
100,"{'entity_vim.HostSystem_host-49': 1, 'entity_vim.Network_network-42': 1, 'administrator': 1}",set(),or, IN administrator ITEM entity_vim.HostSystem_host-49 entity_vim.HostSystem_host-49 ITEM entity_vim.Network_network-42 entity_vim.Network_network-42
101,"{'administrator': 2, 'entity_vim.Network_network-42': 2, 'entity_vim.HostSystem_host-49': 1, 'RoomDatacenter': 1}","{99, 100}",add,get item entity_vim.Network_network-42 get entity_vim.HostSystem_host-49
102,"{'entity_vim.Network_network-45': 1, 'administrator': 1, 'RoomDatacenter': 1}",set(),or, IN administrator ITEM entity_vim.Network_network-45 entity_vim.Network_network-45 LOCATION RoomDatacenter RoomDatacenter
103,"{'entity_vim.HostSystem_host-49': 1, 'entity_vim.Network_network-45': 1, 'administrator': 1}",set(),or, IN administrator ITEM entity_vim.HostSystem_host-49 entity_vim.HostSystem_host-49 ITEM entity_vim.Network_network-45 entity_vim.Network_network-45
104,"{'entity_vim.HostSystem_host-49': 1, 'entity_vim.Network_network-45': 2, 'administrator': 2, 'RoomDatacenter': 1}","{102, 103}",add,get item entity_vim.Network_network-45 get entity_vim.HostSystem_host-49
105,"{'entity_vim.HostSystem_host-49': 1, 'administrator': 1, 'RoomDatacenter': 1}",set(),or, IN administrator ITEM entity_vim.HostSystem_host-49 entity_vim.HostSystem_host-49 LOCATION RoomDatacenter RoomDatacenter
106,"{'entity_vim.Network_network-42': 2, 'entity_vim.HostSystem_host-49': 1, 'entity_vim.Network_network-43': 2, 'entity_vim.Datastore_datastore-41': 2, 'entity_vim.Network_network-45': 2, 'administrator': 2, 'entity_vim.Network_network-44': 2, 'RoomDatacenter': 1}","{98, 101, 104, 105, 92, 95}",or,get  entity_vim.HostSystem_host-49
107,"{'entity_vim.HostSystem_host-49': 1, 'administrator': 1, 'entity_vim.VirtualMachine_vm-51': 1}",set(),or, IN administrator ITEM entity_vim.VirtualMachine_vm-51 entity_vim.VirtualMachine_vm-51 ITEM entity_vim.HostSystem_host-49 entity_vim.HostSystem_host-49
108,"{'administrator': 3, 'entity_vim.Network_network-42': 2, 'entity_vim.VirtualMachine_vm-51': 1, 'entity_vim.Network_network-43': 2, 'entity_vim.Datastore_datastore-41': 2, 'entity_vim.Network_network-45': 2, 'entity_vim.HostSystem_host-49': 2, 'entity_vim.Network_network-44': 2, 'RoomDatacenter': 1}","{106, 107}",add,get item entity_vim.HostSystem_host-49 get entity_vim.VirtualMachine_vm-51
109,"{'entity_vim.Network_network-42': 2, 'entity_vim.HostSystem_host-49': 2, 'entity_vim.VirtualMachine_vm-51': 1, 'entity_vim.Network_network-43': 2, 'entity_vim.Datastore_datastore-41': 2, 'entity_vim.Network_network-45': 2, 'administrator': 3, 'entity_vim.Network_network-44': 2, 'RoomDatacenter': 1}","{89, 108, 86}",or,get  entity_vim.VirtualMachine_vm-51
110,"{'fileX': 1, 'administrator': 1, 'entity_vim.VirtualMachine_vm-51': 1}",set(),or, IN administrator DATA fileX fileX ITEM entity_vim.VirtualMachine_vm-51 entity_vim.VirtualMachine_vm-51
111,"{'administrator': 4, 'entity_vim.Network_network-42': 2, 'entity_vim.VirtualMachine_vm-51': 2, 'entity_vim.Network_network-43': 2, 'entity_vim.Datastore_datastore-41': 2, 'entity_vim.Network_network-45': 2, 'entity_vim.HostSystem_host-49': 2, 'fileX': 1, 'entity_vim.Network_network-44': 2, 'RoomDatacenter': 1}","{109, 110}",add,get item entity_vim.VirtualMachine_vm-51 get fileX
112,"{'administrators': 1, 'RoomDatacenter': 1, 'entity_vim.Datastore_datastore-41': 1}",set(),or, IN administrators ITEM entity_vim.Datastore_datastore-41 entity_vim.Datastore_datastore-41 LOCATION RoomDatacenter RoomDatacenter
113,"{'administrators': 1, 'entity_vim.Datastore_datastore-41': 1, 'entity_vim.VirtualMachine_vm-51': 1}",set(),or, IN administrators ITEM entity_vim.VirtualMachine_vm-51 entity_vim.VirtualMachine_vm-51 ITEM entity_vim.Datastore_datastore-41 entity_vim.Datastore_datastore-41
114,"{'administrators': 2, 'entity_vim.VirtualMachine_vm-51': 1, 'entity_vim.Datastore_datastore-41': 2, 'RoomDatacenter': 1}","{112, 113}",add,get item entity_vim.Datastore_datastore-41 get entity_vim.VirtualMachine_vm-51
115,"{'entity_vim.Network_network-43': 1, 'administrators': 1, 'RoomDatacenter': 1}",set(),or, IN administrators ITEM entity_vim.Network_network-43 entity_vim.Network_network-43 LOCATION RoomDatacenter RoomDatacenter
116,"{'entity_vim.Network_network-43': 1, 'administrators': 1, 'entity_vim.VirtualMachine_vm-51': 1}",set(),or, IN administrators ITEM entity_vim.VirtualMachine_vm-51 entity_vim.VirtualMachine_vm-51 ITEM entity_vim.Network_network-43 entity_vim.Network_network-43
117,"{'entity_vim.Network_network-43': 2, 'administrators': 2, 'entity_vim.VirtualMachine_vm-51': 1, 'RoomDatacenter': 1}","{115, 116}",add,get item entity_vim.Network_network-43 get entity_vim.VirtualMachine_vm-51
118,"{'administrators': 1, 'RoomDatacenter': 1, 'entity_vim.Datastore_datastore-41': 1}",set(),or, IN administrators ITEM entity_vim.Datastore_datastore-41 entity_vim.Datastore_datastore-41 LOCATION RoomDatacenter RoomDatacenter
119,"{'administrators': 1, 'entity_vim.HostSystem_host-49': 1, 'entity_vim.Datastore_datastore-41': 1}",set(),or, IN administrators ITEM entity_vim.HostSystem_host-49 entity_vim.HostSystem_host-49 ITEM entity_vim.Datastore_datastore-41 entity_vim.Datastore_datastore-41
120,"{'administrators': 2, 'entity_vim.HostSystem_host-49': 1, 'entity_vim.Datastore_datastore-41': 2, 'RoomDatacenter': 1}","{118, 119}",add,get item entity_vim.Datastore_datastore-41 get entity_vim.HostSystem_host-49
121,"{'entity_vim.Network_network-43': 1, 'administrators': 1, 'RoomDatacenter': 1}",set(),or, IN administrators ITEM entity_vim.Network_network-43 entity_vim.Network_network-43 LOCATION RoomDatacenter RoomDatacenter
122,"{'entity_vim.Network_network-43': 1, 'administrators': 1, 'entity_vim.HostSystem_host-49': 1}",set(),or, IN administrators ITEM entity_vim.HostSystem_host-49 entity_vim.HostSystem_host-49 ITEM entity_vim.Network_network-43 entity_vim.Network_network-43
123,"{'entity_vim.Network_network-43': 2, 'administrators': 2, 'entity_vim.HostSystem_host-49': 1, 'RoomDatacenter': 1}","{121, 122}",add,get item entity_vim.Network_network-43 get entity_vim.HostSystem_host-49
124,"{'administrators': 1, 'entity_vim.Network_network-44': 1, 'RoomDatacenter': 1}",set(),or, IN administrators ITEM entity_vim.Network_network-44 entity_vim.Network_network-44 LOCATION RoomDatacenter RoomDatacenter
125,"{'administrators': 1, 'entity_vim.HostSystem_host-49': 1, 'entity_vim.Network_network-44': 1}",set(),or, IN administrators ITEM entity_vim.HostSystem_host-49 entity_vim.HostSystem_host-49 ITEM entity_vim.Network_network-44 entity_vim.Network_network-44
126,"{'administrators': 2, 'entity_vim.HostSystem_host-49': 1, 'entity_vim.Network_network-44': 2, 'RoomDatacenter': 1}","{124, 125}",add,get item entity_vim.Network_network-44 get entity_vim.HostSystem_host-49
127,"{'administrators': 1, 'entity_vim.Network_network-42': 1, 'RoomDatacenter': 1}",set(),or, IN administrators ITEM entity_vim.Network_network-42 entity_vim.Network_network-42 LOCATION RoomDatacenter RoomDatacenter
128,"{'administrators': 1, 'entity_vim.Network_network-42': 1, 'entity_vim.HostSystem_host-49': 1}",set(),or, IN administrators ITEM entity_vim.HostSystem_host-49 entity_vim.HostSystem_host-49 ITEM entity_vim.Network_network-42 entity_vim.Network_network-42
129,"{'administrators': 2, 'entity_vim.Network_network-42': 2, 'entity_vim.HostSystem_host-49': 1, 'RoomDatacenter': 1}","{128, 127}",add,get item entity_vim.Network_network-42 get entity_vim.HostSystem_host-49
130,"{'administrators': 1, 'entity_vim.Network_network-45': 1, 'RoomDatacenter': 1}",set(),or, IN administrators ITEM entity_vim.Network_network-45 entity_vim.Network_network-45 LOCATION RoomDatacenter RoomDatacenter
131,"{'administrators': 1, 'entity_vim.Network_network-45': 1, 'entity_vim.HostSystem_host-49': 1}",set(),or, IN administrators ITEM entity_vim.HostSystem_host-49 entity_vim.HostSystem_host-49 ITEM entity_vim.Network_network-45 entity_vim.Network_network-45
132,"{'administrators': 2, 'entity_vim.Network_network-45': 2, 'entity_vim.HostSystem_host-49': 1, 'RoomDatacenter': 1}","{130, 131}",add,get item entity_vim.Network_network-45 get entity_vim.HostSystem_host-49
133,"{'administrators': 1, 'entity_vim.HostSystem_host-49': 1, 'RoomDatacenter': 1}",set(),or, IN administrators ITEM entity_vim.HostSystem_host-49 entity_vim.HostSystem_host-49 LOCATION RoomDatacenter RoomDatacenter
134,"{'entity_vim.Network_network-42': 2, 'entity_vim.Datastore_datastore-41': 2, 'entity_vim.Network_network-43': 2, 'administrators': 2, 'entity_vim.Network_network-45': 2, 'entity_vim.HostSystem_host-49': 1, 'entity_vim.Network_network-44': 2, 'RoomDatacenter': 1}","{129, 132, 133, 120, 123, 126}",or,get  entity_vim.HostSystem_host-49
135,"{'administrators': 1, 'entity_vim.HostSystem_host-49': 1, 'entity_vim.VirtualMachine_vm-51': 1}",set(),or, IN administrators ITEM entity_vim.VirtualMachine_vm-51 entity_vim.VirtualMachine_vm-51 ITEM entity_vim.HostSystem_host-49 entity_vim.HostSystem_host-49
136,"{'entity_vim.VirtualMachine_vm-51': 1, 'entity_vim.Network_network-42': 2, 'administrators': 3, 'entity_vim.Network_network-43': 2, 'entity_vim.Datastore_datastore-41': 2, 'entity_vim.Network_network-45': 2, 'entity_vim.HostSystem_host-49': 2, 'entity_vim.Network_network-44': 2, 'RoomDatacenter': 1}","{134, 135}",add,get item entity_vim.HostSystem_host-49 get entity_vim.VirtualMachine_vm-51
137,"{'entity_vim.Network_network-45': 2, 'entity_vim.Network_network-42': 2, 'entity_vim.Datastore_datastore-41': 2, 'entity_vim.Network_network-43': 2, 'administrators': 3, 'entity_vim.VirtualMachine_vm-51': 1, 'entity_vim.HostSystem_host-49': 2, 'entity_vim.Network_network-44': 2, 'RoomDatacenter': 1}","{136, 114, 117}",or,get  entity_vim.VirtualMachine_vm-51
138,"{'administrators': 1, 'fileX': 1, 'entity_vim.VirtualMachine_vm-51': 1}",set(),or, IN administrators DATA fileX fileX ITEM entity_vim.VirtualMachine_vm-51 entity_vim.VirtualMachine_vm-51
139,"{'entity_vim.VirtualMachine_vm-51': 2, 'entity_vim.Network_network-42': 2, 'administrators': 4, 'entity_vim.Network_network-43': 2, 'entity_vim.Datastore_datastore-41': 2, 'entity_vim.Network_network-45': 2, 'entity_vim.HostSystem_host-49': 2, 'fileX': 1, 'entity_vim.Network_network-44': 2, 'RoomDatacenter': 1}","{137, 138}",add,get item entity_vim.VirtualMachine_vm-51 get fileX
140,"{'entity_vim.Datastore_datastore-41': 1, 'finn': 1, 'RoomDatacenter': 1}",set(),or, IN finn ITEM entity_vim.Datastore_datastore-41 entity_vim.Datastore_datastore-41 LOCATION RoomDatacenter RoomDatacenter
141,"{'entity_vim.Datastore_datastore-41': 1, 'finn': 1, 'entity_vim.VirtualMachine_vm-51': 1}",set(),or, IN finn ITEM entity_vim.VirtualMachine_vm-51 entity_vim.VirtualMachine_vm-51 ITEM entity_vim.Datastore_datastore-41 entity_vim.Datastore_datastore-41
142,"{'entity_vim.Datastore_datastore-41': 2, 'entity_vim.VirtualMachine_vm-51': 1, 'finn': 2, 'RoomDatacenter': 1}","{140, 141}",add,get item entity_vim.Datastore_datastore-41 get entity_vim.VirtualMachine_vm-51
143,"{'entity_vim.Network_network-43': 1, 'finn': 1, 'RoomDatacenter': 1}",set(),or, IN finn ITEM entity_vim.Network_network-43 entity_vim.Network_network-43 LOCATION RoomDatacenter RoomDatacenter
144,"{'entity_vim.Network_network-43': 1, 'finn': 1, 'entity_vim.VirtualMachine_vm-51': 1}",set(),or, IN finn ITEM entity_vim.VirtualMachine_vm-51 entity_vim.VirtualMachine_vm-51 ITEM entity_vim.Network_network-43 entity_vim.Network_network-43
145,"{'entity_vim.Network_network-43': 2, 'entity_vim.VirtualMachine_vm-51': 1, 'finn': 2, 'RoomDatacenter': 1}","{144, 143}",add,get item entity_vim.Network_network-43 get entity_vim.VirtualMachine_vm-51
146,"{'entity_vim.Datastore_datastore-41': 1, 'finn': 1, 'RoomDatacenter': 1}",set(),or, IN finn ITEM entity_vim.Datastore_datastore-41 entity_vim.Datastore_datastore-41 LOCATION RoomDatacenter RoomDatacenter
147,"{'entity_vim.Datastore_datastore-41': 1, 'entity_vim.HostSystem_host-49': 1, 'finn': 1}",set(),or, IN finn ITEM entity_vim.HostSystem_host-49 entity_vim.HostSystem_host-49 ITEM entity_vim.Datastore_datastore-41 entity_vim.Datastore_datastore-41
148,"{'entity_vim.Datastore_datastore-41': 2, 'entity_vim.HostSystem_host-49': 1, 'finn': 2, 'RoomDatacenter': 1}","{146, 147}",add,get item entity_vim.Datastore_datastore-41 get entity_vim.HostSystem_host-49
149,"{'entity_vim.Network_network-43': 1, 'finn': 1, 'RoomDatacenter': 1}",set(),or, IN finn ITEM entity_vim.Network_network-43 entity_vim.Network_network-43 LOCATION RoomDatacenter RoomDatacenter
150,"{'entity_vim.Network_network-43': 1, 'entity_vim.HostSystem_host-49': 1, 'finn': 1}",set(),or, IN finn ITEM entity_vim.HostSystem_host-49 entity_vim.HostSystem_host-49 ITEM entity_vim.Network_network-43 entity_vim.Network_network-43
151,"{'entity_vim.Network_network-43': 2, 'entity_vim.HostSystem_host-49': 1, 'finn': 2, 'RoomDatacenter': 1}","{149, 150}",add,get item entity_vim.Network_network-43 get entity_vim.HostSystem_host-49
152,"{'finn': 1, 'entity_vim.Network_network-44': 1, 'RoomDatacenter': 1}",set(),or, IN finn ITEM entity_vim.Network_network-44 entity_vim.Network_network-44 LOCATION RoomDatacenter RoomDatacenter
153,"{'entity_vim.HostSystem_host-49': 1, 'finn': 1, 'entity_vim.Network_network-44': 1}",set(),or, IN finn ITEM entity_vim.HostSystem_host-49 entity_vim.HostSystem_host-49 ITEM entity_vim.Network_network-44 entity_vim.Network_network-44
154,"{'entity_vim.HostSystem_host-49': 1, 'finn': 2, 'entity_vim.Network_network-44': 2, 'RoomDatacenter': 1}","{152, 153}",add,get item entity_vim.Network_network-44 get entity_vim.HostSystem_host-49
155,"{'entity_vim.Network_network-42': 1, 'finn': 1, 'RoomDatacenter': 1}",set(),or, IN finn ITEM entity_vim.Network_network-42 entity_vim.Network_network-42 LOCATION RoomDatacenter RoomDatacenter
156,"{'entity_vim.Network_network-42': 1, 'entity_vim.HostSystem_host-49': 1, 'finn': 1}",set(),or, IN finn ITEM entity_vim.HostSystem_host-49 entity_vim.HostSystem_host-49 ITEM entity_vim.Network_network-42 entity_vim.Network_network-42
157,"{'entity_vim.HostSystem_host-49': 1, 'entity_vim.Network_network-42': 2, 'finn': 2, 'RoomDatacenter': 1}","{155, 156}",add,get item entity_vim.Network_network-42 get entity_vim.HostSystem_host-49
158,"{'entity_vim.Network_network-45': 1, 'finn': 1, 'RoomDatacenter': 1}",set(),or, IN finn ITEM entity_vim.Network_network-45 entity_vim.Network_network-45 LOCATION RoomDatacenter RoomDatacenter
159,"{'entity_vim.Network_network-45': 1, 'entity_vim.HostSystem_host-49': 1, 'finn': 1}",set(),or, IN finn ITEM entity_vim.HostSystem_host-49 entity_vim.HostSystem_host-49 ITEM entity_vim.Network_network-45 entity_vim.Network_network-45
160,"{'entity_vim.Network_network-45': 2, 'entity_vim.HostSystem_host-49': 1, 'finn': 2, 'RoomDatacenter': 1}","{158, 159}",add,get item entity_vim.Network_network-45 get entity_vim.HostSystem_host-49
161,"{'entity_vim.HostSystem_host-49': 1, 'finn': 1, 'RoomDatacenter': 1}",set(),or, IN finn ITEM entity_vim.HostSystem_host-49 entity_vim.HostSystem_host-49 LOCATION RoomDatacenter RoomDatacenter
162,"{'entity_vim.Network_network-42': 2, 'entity_vim.Network_network-43': 2, 'entity_vim.Datastore_datastore-41': 2, 'entity_vim.Network_network-45': 2, 'entity_vim.HostSystem_host-49': 1, 'finn': 2, 'entity_vim.Network_network-44': 2, 'RoomDatacenter': 1}","{160, 161, 148, 151, 154, 157}",or,get  entity_vim.HostSystem_host-49
163,"{'entity_vim.HostSystem_host-49': 1, 'finn': 1, 'entity_vim.VirtualMachine_vm-51': 1}",set(),or, IN finn ITEM entity_vim.VirtualMachine_vm-51 entity_vim.VirtualMachine_vm-51 ITEM entity_vim.HostSystem_host-49 entity_vim.HostSystem_host-49
164,"{'entity_vim.Network_network-42': 2, 'entity_vim.VirtualMachine_vm-51': 1, 'entity_vim.Network_network-43': 2, 'entity_vim.Datastore_datastore-41': 2, 'entity_vim.Network_network-45': 2, 'entity_vim.HostSystem_host-49': 2, 'finn': 3, 'entity_vim.Network_network-44': 2, 'RoomDatacenter': 1}","{162, 163}",add,get item entity_vim.HostSystem_host-49 get entity_vim.VirtualMachine_vm-51
165,"{'entity_vim.Network_network-42': 2, 'entity_vim.VirtualMachine_vm-51': 1, 'entity_vim.Network_network-43': 2, 'entity_vim.Datastore_datastore-41': 2, 'entity_vim.Network_network-45': 2, 'entity_vim.HostSystem_host-49': 2, 'finn': 3, 'entity_vim.Network_network-44': 2, 'RoomDatacenter': 1}","{145, 164, 142}",or,get  entity_vim.VirtualMachine_vm-51
166,"{'fileX': 1, 'finn': 1, 'entity_vim.VirtualMachine_vm-51': 1}",set(),or, IN finn DATA fileX fileX ITEM entity_vim.VirtualMachine_vm-51 entity_vim.VirtualMachine_vm-51
167,"{'entity_vim.Network_network-42': 2, 'entity_vim.VirtualMachine_vm-51': 2, 'entity_vim.Network_network-43': 2, 'entity_vim.Datastore_datastore-41': 2, 'fileX': 1, 'entity_vim.Network_network-45': 2, 'entity_vim.HostSystem_host-49': 2, 'finn': 4, 'entity_vim.Network_network-44': 2, 'RoomDatacenter': 1}","{165, 166}",add,get item entity_vim.VirtualMachine_vm-51 get fileX
168,"{'entity_vim.Datastore_datastore-41': 1, 'cleo': 1, 'RoomDatacenter': 1}",set(),or, IN cleo ITEM entity_vim.Datastore_datastore-41 entity_vim.Datastore_datastore-41 LOCATION RoomDatacenter RoomDatacenter
169,"{'entity_vim.Datastore_datastore-41': 1, 'cleo': 1, 'entity_vim.VirtualMachine_vm-51': 1}",set(),or, IN cleo ITEM entity_vim.VirtualMachine_vm-51 entity_vim.VirtualMachine_vm-51 ITEM entity_vim.Datastore_datastore-41 entity_vim.Datastore_datastore-41
170,"{'entity_vim.Datastore_datastore-41': 2, 'entity_vim.VirtualMachine_vm-51': 1, 'cleo': 2, 'RoomDatacenter': 1}","{168, 169}",add,get item entity_vim.Datastore_datastore-41 get entity_vim.VirtualMachine_vm-51
171,"{'entity_vim.Network_network-43': 1, 'cleo': 1, 'RoomDatacenter': 1}",set(),or, IN cleo ITEM entity_vim.Network_network-43 entity_vim.Network_network-43 LOCATION RoomDatacenter RoomDatacenter
172,"{'entity_vim.Network_network-43': 1, 'cleo': 1, 'entity_vim.VirtualMachine_vm-51': 1}",set(),or, IN cleo ITEM entity_vim.VirtualMachine_vm-51 entity_vim.VirtualMachine_vm-51 ITEM entity_vim.Network_network-43 entity_vim.Network_network-43
173,"{'entity_vim.Network_network-43': 2, 'entity_vim.VirtualMachine_vm-51': 1, 'cleo': 2, 'RoomDatacenter': 1}","{171, 172}",add,get item entity_vim.Network_network-43 get entity_vim.VirtualMachine_vm-51
174,"{'entity_vim.Datastore_datastore-41': 1, 'cleo': 1, 'RoomDatacenter': 1}",set(),or, IN cleo ITEM entity_vim.Datastore_datastore-41 entity_vim.Datastore_datastore-41 LOCATION RoomDatacenter RoomDatacenter
175,"{'entity_vim.Datastore_datastore-41': 1, 'entity_vim.HostSystem_host-49': 1, 'cleo': 1}",set(),or, IN cleo ITEM entity_vim.HostSystem_host-49 entity_vim.HostSystem_host-49 ITEM entity_vim.Datastore_datastore-41 entity_vim.Datastore_datastore-41
176,"{'entity_vim.Datastore_datastore-41': 2, 'entity_vim.HostSystem_host-49': 1, 'cleo': 2, 'RoomDatacenter': 1}","{174, 175}",add,get item entity_vim.Datastore_datastore-41 get entity_vim.HostSystem_host-49
177,"{'entity_vim.Network_network-43': 1, 'cleo': 1, 'RoomDatacenter': 1}",set(),or, IN cleo ITEM entity_vim.Network_network-43 entity_vim.Network_network-43 LOCATION RoomDatacenter RoomDatacenter
178,"{'entity_vim.Network_network-43': 1, 'entity_vim.HostSystem_host-49': 1, 'cleo': 1}",set(),or, IN cleo ITEM entity_vim.HostSystem_host-49 entity_vim.HostSystem_host-49 ITEM entity_vim.Network_network-43 entity_vim.Network_network-43
179,"{'entity_vim.Network_network-43': 2, 'entity_vim.HostSystem_host-49': 1, 'cleo': 2, 'RoomDatacenter': 1}","{177, 178}",add,get item entity_vim.Network_network-43 get entity_vim.HostSystem_host-49
180,"{'cleo': 1, 'entity_vim.Network_network-44': 1, 'RoomDatacenter': 1}",set(),or, IN cleo ITEM entity_vim.Network_network-44 entity_vim.Network_network-44 LOCATION RoomDatacenter RoomDatacenter
181,"{'entity_vim.HostSystem_host-49': 1, 'cleo': 1, 'entity_vim.Network_network-44': 1}",set(),or, IN cleo ITEM entity_vim.HostSystem_host-49 entity_vim.HostSystem_host-49 ITEM entity_vim.Network_network-44 entity_vim.Network_network-44
182,"{'entity_vim.HostSystem_host-49': 1, 'cleo': 2, 'entity_vim.Network_network-44': 2, 'RoomDatacenter': 1}","{180, 181}",add,get item entity_vim.Network_network-44 get entity_vim.HostSystem_host-49
183,"{'entity_vim.Network_network-42': 1, 'cleo': 1, 'RoomDatacenter': 1}",set(),or, IN cleo ITEM entity_vim.Network_network-42 entity_vim.Network_network-42 LOCATION RoomDatacenter RoomDatacenter
184,"{'entity_vim.Network_network-42': 1, 'entity_vim.HostSystem_host-49': 1, 'cleo': 1}",set(),or, IN cleo ITEM entity_vim.HostSystem_host-49 entity_vim.HostSystem_host-49 ITEM entity_vim.Network_network-42 entity_vim.Network_network-42
185,"{'entity_vim.HostSystem_host-49': 1, 'entity_vim.Network_network-42': 2, 'cleo': 2, 'RoomDatacenter': 1}","{184, 183}",add,get item entity_vim.Network_network-42 get entity_vim.HostSystem_host-49
186,"{'entity_vim.Network_network-45': 1, 'cleo': 1, 'RoomDatacenter': 1}",set(),or, IN cleo ITEM entity_vim.Network_network-45 entity_vim.Network_network-45 LOCATION RoomDatacenter RoomDatacenter
187,"{'entity_vim.Network_network-45': 1, 'entity_vim.HostSystem_host-49': 1, 'cleo': 1}",set(),or, IN cleo ITEM entity_vim.HostSystem_host-49 entity_vim.HostSystem_host-49 ITEM entity_vim.Network_network-45 entity_vim.Network_network-45
188,"{'entity_vim.Network_network-45': 2, 'entity_vim.HostSystem_host-49': 1, 'cleo': 2, 'RoomDatacenter': 1}","{186, 187}",add,get item entity_vim.Network_network-45 get entity_vim.HostSystem_host-49
189,"{'entity_vim.HostSystem_host-49': 1, 'cleo': 1, 'RoomDatacenter': 1}",set(),or, IN cleo ITEM entity_vim.HostSystem_host-49 entity_vim.HostSystem_host-49 LOCATION RoomDatacenter RoomDatacenter
190,"{'entity_vim.Network_network-42': 2, 'entity_vim.Network_network-43': 2, 'entity_vim.Datastore_datastore-41': 2, 'entity_vim.Network_network-45': 2, 'entity_vim.HostSystem_host-49': 1, 'cleo': 2, 'entity_vim.Network_network-44': 2, 'RoomDatacenter': 1}","{176, 179, 182, 185, 188, 189}",or,get  entity_vim.HostSystem_host-49
191,"{'entity_vim.HostSystem_host-49': 1, 'cleo': 1, 'entity_vim.VirtualMachine_vm-51': 1}",set(),or, IN cleo ITEM entity_vim.VirtualMachine_vm-51 entity_vim.VirtualMachine_vm-51 ITEM entity_vim.HostSystem_host-49 entity_vim.HostSystem_host-49
192,"{'entity_vim.Network_network-42': 2, 'entity_vim.VirtualMachine_vm-51': 1, 'entity_vim.Network_network-43': 2, 'entity_vim.Datastore_datastore-41': 2, 'entity_vim.Network_network-45': 2, 'entity_vim.HostSystem_host-49': 2, 'cleo': 3, 'entity_vim.Network_network-44': 2, 'RoomDatacenter': 1}","{190, 191}",add,get item entity_vim.HostSystem_host-49 get entity_vim.VirtualMachine_vm-51
193,"{'entity_vim.Network_network-42': 2, 'entity_vim.VirtualMachine_vm-51': 1, 'entity_vim.Network_network-43': 2, 'entity_vim.Datastore_datastore-41': 2, 'entity_vim.Network_network-45': 2, 'entity_vim.HostSystem_host-49': 2, 'cleo': 3, 'entity_vim.Network_network-44': 2, 'RoomDatacenter': 1}","{192, 170, 173}",or,get  entity_vim.VirtualMachine_vm-51
194,"{'fileX': 1, 'cleo': 1, 'entity_vim.VirtualMachine_vm-51': 1}",set(),or, IN cleo DATA fileX fileX ITEM entity_vim.VirtualMachine_vm-51 entity_vim.VirtualMachine_vm-51
195,"{'entity_vim.Network_network-42': 2, 'entity_vim.VirtualMachine_vm-51': 2, 'entity_vim.Network_network-43': 2, 'entity_vim.Datastore_datastore-41': 2, 'fileX': 1, 'entity_vim.Network_network-45': 2, 'entity_vim.HostSystem_host-49': 2, 'cleo': 4, 'entity_vim.Network_network-44': 2, 'RoomDatacenter': 1}","{193, 194}",add,get item entity_vim.VirtualMachine_vm-51 get fileX
196,"{'ethan': 1, 'entity_vim.Datastore_datastore-41': 1, 'RoomDatacenter': 1}",set(),or, IN ethan ITEM entity_vim.Datastore_datastore-41 entity_vim.Datastore_datastore-41 LOCATION RoomDatacenter RoomDatacenter
197,"{'ethan': 1, 'entity_vim.Datastore_datastore-41': 1, 'entity_vim.VirtualMachine_vm-51': 1}",set(),or, IN ethan ITEM entity_vim.VirtualMachine_vm-51 entity_vim.VirtualMachine_vm-51 ITEM entity_vim.Datastore_datastore-41 entity_vim.Datastore_datastore-41
198,"{'ethan': 2, 'entity_vim.Datastore_datastore-41': 2, 'entity_vim.VirtualMachine_vm-51': 1, 'RoomDatacenter': 1}","{196, 197}",add,get item entity_vim.Datastore_datastore-41 get entity_vim.VirtualMachine_vm-51
199,"{'ethan': 1, 'entity_vim.Network_network-43': 1, 'RoomDatacenter': 1}",set(),or, IN ethan ITEM entity_vim.Network_network-43 entity_vim.Network_network-43 LOCATION RoomDatacenter RoomDatacenter
200,"{'ethan': 1, 'entity_vim.Network_network-43': 1, 'entity_vim.VirtualMachine_vm-51': 1}",set(),or, IN ethan ITEM entity_vim.VirtualMachine_vm-51 entity_vim.VirtualMachine_vm-51 ITEM entity_vim.Network_network-43 entity_vim.Network_network-43
201,"{'ethan': 2, 'entity_vim.Network_network-43': 2, 'entity_vim.VirtualMachine_vm-51': 1, 'RoomDatacenter': 1}","{200, 199}",add,get item entity_vim.Network_network-43 get entity_vim.VirtualMachine_vm-51
202,"{'ethan': 1, 'entity_vim.Datastore_datastore-41': 1, 'RoomDatacenter': 1}",set(),or, IN ethan ITEM entity_vim.Datastore_datastore-41 entity_vim.Datastore_datastore-41 LOCATION RoomDatacenter RoomDatacenter
203,"{'ethan': 1, 'entity_vim.Datastore_datastore-41': 1, 'entity_vim.HostSystem_host-49': 1}",set(),or, IN ethan ITEM entity_vim.HostSystem_host-49 entity_vim.HostSystem_host-49 ITEM entity_vim.Datastore_datastore-41 entity_vim.Datastore_datastore-41
204,"{'ethan': 2, 'entity_vim.Datastore_datastore-41': 2, 'entity_vim.HostSystem_host-49': 1, 'RoomDatacenter': 1}","{202, 203}",add,get item entity_vim.Datastore_datastore-41 get entity_vim.HostSystem_host-49
205,"{'ethan': 1, 'entity_vim.Network_network-43': 1, 'RoomDatacenter': 1}",set(),or, IN ethan ITEM entity_vim.Network_network-43 entity_vim.Network_network-43 LOCATION RoomDatacenter RoomDatacenter
206,"{'ethan': 1, 'entity_vim.Network_network-43': 1, 'entity_vim.HostSystem_host-49': 1}",set(),or, IN ethan ITEM entity_vim.HostSystem_host-49 entity_vim.HostSystem_host-49 ITEM entity_vim.Network_network-43 entity_vim.Network_network-43
207,"{'ethan': 2, 'entity_vim.Network_network-43': 2, 'entity_vim.HostSystem_host-49': 1, 'RoomDatacenter': 1}","{205, 206}",add,get item entity_vim.Network_network-43 get entity_vim.HostSystem_host-49
208,"{'ethan': 1, 'entity_vim.Network_network-44': 1, 'RoomDatacenter': 1}",set(),or, IN ethan ITEM entity_vim.Network_network-44 entity_vim.Network_network-44 LOCATION RoomDatacenter RoomDatacenter
209,"{'ethan': 1, 'entity_vim.HostSystem_host-49': 1, 'entity_vim.Network_network-44': 1}",set(),or, IN ethan ITEM entity_vim.HostSystem_host-49 entity_vim.HostSystem_host-49 ITEM entity_vim.Network_network-44 entity_vim.Network_network-44
210,"{'ethan': 2, 'entity_vim.HostSystem_host-49': 1, 'entity_vim.Network_network-44': 2, 'RoomDatacenter': 1}","{208, 209}",add,get item entity_vim.Network_network-44 get entity_vim.HostSystem_host-49
211,"{'ethan': 1, 'entity_vim.Network_network-42': 1, 'RoomDatacenter': 1}",set(),or, IN ethan ITEM entity_vim.Network_network-42 entity_vim.Network_network-42 LOCATION RoomDatacenter RoomDatacenter
212,"{'ethan': 1, 'entity_vim.Network_network-42': 1, 'entity_vim.HostSystem_host-49': 1}",set(),or, IN ethan ITEM entity_vim.HostSystem_host-49 entity_vim.HostSystem_host-49 ITEM entity_vim.Network_network-42 entity_vim.Network_network-42
213,"{'ethan': 2, 'entity_vim.HostSystem_host-49': 1, 'entity_vim.Network_network-42': 2, 'RoomDatacenter': 1}","{211, 212}",add,get item entity_vim.Network_network-42 get entity_vim.HostSystem_host-49
214,"{'ethan': 1, 'entity_vim.Network_network-45': 1, 'RoomDatacenter': 1}",set(),or, IN ethan ITEM entity_vim.Network_network-45 entity_vim.Network_network-45 LOCATION RoomDatacenter RoomDatacenter
215,"{'ethan': 1, 'entity_vim.Network_network-45': 1, 'entity_vim.HostSystem_host-49': 1}",set(),or, IN ethan ITEM entity_vim.HostSystem_host-49 entity_vim.HostSystem_host-49 ITEM entity_vim.Network_network-45 entity_vim.Network_network-45
216,"{'ethan': 2, 'entity_vim.Network_network-45': 2, 'entity_vim.HostSystem_host-49': 1, 'RoomDatacenter': 1}","{214, 215}",add,get item entity_vim.Network_network-45 get entity_vim.HostSystem_host-49
217,"{'ethan': 1, 'entity_vim.HostSystem_host-49': 1, 'RoomDatacenter': 1}",set(),or, IN ethan ITEM entity_vim.HostSystem_host-49 entity_vim.HostSystem_host-49 LOCATION RoomDatacenter RoomDatacenter
218,"{'entity_vim.Network_network-43': 2, 'entity_vim.Network_network-42': 2, 'ethan': 2, 'entity_vim.Datastore_datastore-41': 2, 'entity_vim.Network_network-45': 2, 'entity_vim.HostSystem_host-49': 1, 'entity_vim.Network_network-44': 2, 'RoomDatacenter': 1}","{204, 207, 210, 213, 216, 217}",or,get  entity_vim.HostSystem_host-49
219,"{'ethan': 1, 'entity_vim.HostSystem_host-49': 1, 'entity_vim.VirtualMachine_vm-51': 1}",set(),or, IN ethan ITEM entity_vim.VirtualMachine_vm-51 entity_vim.VirtualMachine_vm-51 ITEM entity_vim.HostSystem_host-49 entity_vim.HostSystem_host-49
220,"{'ethan': 3, 'entity_vim.Network_network-42': 2, 'entity_vim.VirtualMachine_vm-51': 1, 'entity_vim.Network_network-43': 2, 'entity_vim.Datastore_datastore-41': 2, 'entity_vim.Network_network-45': 2, 'entity_vim.HostSystem_host-49': 2, 'entity_vim.Network_network-44': 2, 'RoomDatacenter': 1}","{218, 219}",add,get item entity_vim.HostSystem_host-49 get entity_vim.VirtualMachine_vm-51
221,"{'entity_vim.Network_network-43': 2, 'entity_vim.Network_network-42': 2, 'entity_vim.VirtualMachine_vm-51': 1, 'ethan': 3, 'entity_vim.Datastore_datastore-41': 2, 'entity_vim.Network_network-45': 2, 'entity_vim.HostSystem_host-49': 2, 'entity_vim.Network_network-44': 2, 'RoomDatacenter': 1}","{201, 220, 198}",or,get  entity_vim.VirtualMachine_vm-51
222,"{'ethan': 1, 'fileX': 1, 'entity_vim.VirtualMachine_vm-51': 1}",set(),or, IN ethan DATA fileX fileX ITEM entity_vim.VirtualMachine_vm-51 entity_vim.VirtualMachine_vm-51
223,"{'ethan': 4, 'entity_vim.Network_network-42': 2, 'entity_vim.VirtualMachine_vm-51': 2, 'entity_vim.Network_network-43': 2, 'entity_vim.Datastore_datastore-41': 2, 'entity_vim.Network_network-45': 2, 'entity_vim.HostSystem_host-49': 2, 'fileX': 1, 'entity_vim.Network_network-44': 2, 'RoomDatacenter': 1}","{221, 222}",add,get item entity_vim.VirtualMachine_vm-51 get fileX
224,"{'entity_vim.Datastore_datastore-41': 1, 'sydney': 1, 'RoomDatacenter': 1}",set(),or, IN sydney ITEM entity_vim.Datastore_datastore-41 entity_vim.Datastore_datastore-41 LOCATION RoomDatacenter RoomDatacenter
225,"{'entity_vim.Datastore_datastore-41': 1, 'sydney': 1, 'entity_vim.VirtualMachine_vm-51': 1}",set(),or, IN sydney ITEM entity_vim.VirtualMachine_vm-51 entity_vim.VirtualMachine_vm-51 ITEM entity_vim.Datastore_datastore-41 entity_vim.Datastore_datastore-41
226,"{'entity_vim.Datastore_datastore-41': 2, 'sydney': 2, 'entity_vim.VirtualMachine_vm-51': 1, 'RoomDatacenter': 1}","{224, 225}",add,get item entity_vim.Datastore_datastore-41 get entity_vim.VirtualMachine_vm-51
227,"{'entity_vim.Network_network-43': 1, 'sydney': 1, 'RoomDatacenter': 1}",set(),or, IN sydney ITEM entity_vim.Network_network-43 entity_vim.Network_network-43 LOCATION RoomDatacenter RoomDatacenter
228,"{'entity_vim.Network_network-43': 1, 'sydney': 1, 'entity_vim.VirtualMachine_vm-51': 1}",set(),or, IN sydney ITEM entity_vim.VirtualMachine_vm-51 entity_vim.VirtualMachine_vm-51 ITEM entity_vim.Network_network-43 entity_vim.Network_network-43
229,"{'entity_vim.Network_network-43': 2, 'sydney': 2, 'entity_vim.VirtualMachine_vm-51': 1, 'RoomDatacenter': 1}","{227, 228}",add,get item entity_vim.Network_network-43 get entity_vim.VirtualMachine_vm-51
230,"{'entity_vim.Datastore_datastore-41': 1, 'sydney': 1, 'RoomDatacenter': 1}",set(),or, IN sydney ITEM entity_vim.Datastore_datastore-41 entity_vim.Datastore_datastore-41 LOCATION RoomDatacenter RoomDatacenter
231,"{'entity_vim.Datastore_datastore-41': 1, 'sydney': 1, 'entity_vim.HostSystem_host-49': 1}",set(),or, IN sydney ITEM entity_vim.HostSystem_host-49 entity_vim.HostSystem_host-49 ITEM entity_vim.Datastore_datastore-41 entity_vim.Datastore_datastore-41
232,"{'entity_vim.Datastore_datastore-41': 2, 'sydney': 2, 'entity_vim.HostSystem_host-49': 1, 'RoomDatacenter': 1}","{230, 231}",add,get item entity_vim.Datastore_datastore-41 get entity_vim.HostSystem_host-49
233,"{'entity_vim.Network_network-43': 1, 'sydney': 1, 'RoomDatacenter': 1}",set(),or, IN sydney ITEM entity_vim.Network_network-43 entity_vim.Network_network-43 LOCATION RoomDatacenter RoomDatacenter
234,"{'entity_vim.Network_network-43': 1, 'sydney': 1, 'entity_vim.HostSystem_host-49': 1}",set(),or, IN sydney ITEM entity_vim.HostSystem_host-49 entity_vim.HostSystem_host-49 ITEM entity_vim.Network_network-43 entity_vim.Network_network-43
235,"{'entity_vim.Network_network-43': 2, 'sydney': 2, 'entity_vim.HostSystem_host-49': 1, 'RoomDatacenter': 1}","{233, 234}",add,get item entity_vim.Network_network-43 get entity_vim.HostSystem_host-49
236,"{'sydney': 1, 'entity_vim.Network_network-44': 1, 'RoomDatacenter': 1}",set(),or, IN sydney ITEM entity_vim.Network_network-44 entity_vim.Network_network-44 LOCATION RoomDatacenter RoomDatacenter
237,"{'sydney': 1, 'entity_vim.HostSystem_host-49': 1, 'entity_vim.Network_network-44': 1}",set(),or, IN sydney ITEM entity_vim.HostSystem_host-49 entity_vim.HostSystem_host-49 ITEM entity_vim.Network_network-44 entity_vim.Network_network-44
238,"{'sydney': 2, 'entity_vim.HostSystem_host-49': 1, 'entity_vim.Network_network-44': 2, 'RoomDatacenter': 1}","{236, 237}",add,get item entity_vim.Network_network-44 get entity_vim.HostSystem_host-49
239,"{'sydney': 1, 'entity_vim.Network_network-42': 1, 'RoomDatacenter': 1}",set(),or, IN sydney ITEM entity_vim.Network_network-42 entity_vim.Network_network-42 LOCATION RoomDatacenter RoomDatacenter
240,"{'entity_vim.Network_network-42': 1, 'sydney': 1, 'entity_vim.HostSystem_host-49': 1}",set(),or, IN sydney ITEM entity_vim.HostSystem_host-49 entity_vim.HostSystem_host-49 ITEM entity_vim.Network_network-42 entity_vim.Network_network-42
241,"{'entity_vim.HostSystem_host-49': 1, 'sydney': 2, 'entity_vim.Network_network-42': 2, 'RoomDatacenter': 1}","{240, 239}",add,get item entity_vim.Network_network-42 get entity_vim.HostSystem_host-49
242,"{'sydney': 1, 'entity_vim.Network_network-45': 1, 'RoomDatacenter': 1}",set(),or, IN sydney ITEM entity_vim.Network_network-45 entity_vim.Network_network-45 LOCATION RoomDatacenter RoomDatacenter
243,"{'sydney': 1, 'entity_vim.Network_network-45': 1, 'entity_vim.HostSystem_host-49': 1}",set(),or, IN sydney ITEM entity_vim.HostSystem_host-49 entity_vim.HostSystem_host-49 ITEM entity_vim.Network_network-45 entity_vim.Network_network-45
244,"{'sydney': 2, 'entity_vim.Network_network-45': 2, 'entity_vim.HostSystem_host-49': 1, 'RoomDatacenter': 1}","{242, 243}",add,get item entity_vim.Network_network-45 get entity_vim.HostSystem_host-49
245,"{'sydney': 1, 'entity_vim.HostSystem_host-49': 1, 'RoomDatacenter': 1}",set(),or, IN sydney ITEM entity_vim.HostSystem_host-49 entity_vim.HostSystem_host-49 LOCATION RoomDatacenter RoomDatacenter
246,"{'entity_vim.Network_network-42': 2, 'entity_vim.Network_network-43': 2, 'entity_vim.Datastore_datastore-41': 2, 'sydney': 2, 'entity_vim.Network_network-45': 2, 'entity_vim.HostSystem_host-49': 1, 'entity_vim.Network_network-44': 2, 'RoomDatacenter': 1}","{232, 235, 238, 241, 244, 245}",or,get  entity_vim.HostSystem_host-49
247,"{'sydney': 1, 'entity_vim.HostSystem_host-49': 1, 'entity_vim.VirtualMachine_vm-51': 1}",set(),or, IN sydney ITEM entity_vim.VirtualMachine_vm-51 entity_vim.VirtualMachine_vm-51 ITEM entity_vim.HostSystem_host-49 entity_vim.HostSystem_host-49
248,"{'entity_vim.Network_network-42': 2, 'entity_vim.VirtualMachine_vm-51': 1, 'entity_vim.Network_network-43': 2, 'entity_vim.Datastore_datastore-41': 2, 'sydney': 3, 'entity_vim.Network_network-45': 2, 'entity_vim.HostSystem_host-49': 2, 'entity_vim.Network_network-44': 2, 'RoomDatacenter': 1}","{246, 247}",add,get item entity_vim.HostSystem_host-49 get entity_vim.VirtualMachine_vm-51
249,"{'entity_vim.Network_network-42': 2, 'entity_vim.VirtualMachine_vm-51': 1, 'entity_vim.Network_network-43': 2, 'entity_vim.Datastore_datastore-41': 2, 'sydney': 3, 'entity_vim.Network_network-45': 2, 'entity_vim.HostSystem_host-49': 2, 'entity_vim.Network_network-44': 2, 'RoomDatacenter': 1}","{248, 226, 229}",or,get  entity_vim.VirtualMachine_vm-51
250,"{'sydney': 1, 'fileX': 1, 'entity_vim.VirtualMachine_vm-51': 1}",set(),or, IN sydney DATA fileX fileX ITEM entity_vim.VirtualMachine_vm-51 entity_vim.VirtualMachine_vm-51
251,"{'entity_vim.Network_network-42': 2, 'entity_vim.VirtualMachine_vm-51': 2, 'entity_vim.Network_network-43': 2, 'entity_vim.Datastore_datastore-41': 2, 'sydney': 4, 'entity_vim.Network_network-45': 2, 'entity_vim.HostSystem_host-49': 2, 'fileX': 1, 'entity_vim.Network_network-44': 2, 'RoomDatacenter': 1}","{249, 250}",add,get item entity_vim.VirtualMachine_vm-51 get fileX
252,"{'terry': 4, 'entity_vim.VirtualMachine_vm-51': 2, 'ethan': 4, 'fileX': 1, 'sydney': 4, 'entity_vim.Network_network-45': 2, 'administrator': 4, 'cleo': 4, 'grey': 4, 'administrators': 4, 'entity_vim.Network_network-42': 2, 'big': 4, 'entity_vim.Network_network-43': 2, 'entity_vim.Datastore_datastore-41': 2, 'entity_vim.HostSystem_host-49': 2, 'finn': 4, 'entity_vim.Network_network-44': 2, 'RoomDatacenter': 1}","{195, 167, 139, 111, 83, 55, 27, 251, 223}",or,get ids
